{"cameraMode":{"drawMode":0,"name":"Shaded","section":"Shading Mode"},"sceneLighting":true,"audioPlay":false,"sceneViewState":{"m_AlwaysRefresh":false,"showFog":true,"showSkybox":true,"showFlares":true,"showImageEffects":true,"showParticleSystems":true,"showVisualEffectGraphs":true,"m_FxEnabled":true},"in2DMode":false,"pivot":{"x":-0.5165196657180786,"y":0.7042850255966187,"z":0.8424093723297119},"rotation":{"x":0.261210560798645,"y":-0.015932656824588777,"z":0.004305482376366854,"w":0.965151846408844},"size":8.43777847290039,"orthographic":true}