{"cameraMode":{"drawMode":0,"name":"Shaded","section":"Shading Mode"},"sceneLighting":true,"audioPlay":false,"sceneViewState":{"m_AlwaysRefresh":false,"showFog":true,"showSkybox":true,"showFlares":true,"showImageEffects":true,"showParticleSystems":true,"showVisualEffectGraphs":true,"m_FxEnabled":true},"in2DMode":false,"pivot":{"x":4.743461608886719,"y":-1.119253396987915,"z":0.3546452522277832},"rotation":{"x":0.1541176587343216,"y":0.03111192211508751,"z":-0.004865037743002176,"w":0.9875657558441162},"size":7.573894500732422,"orthographic":true}