{"cameraMode":{"drawMode":0,"name":"Shaded","section":"Shading Mode"},"sceneLighting":true,"audioPlay":false,"sceneViewState":{"m_AlwaysRefresh":false,"showFog":true,"showSkybox":true,"showFlares":true,"showImageEffects":true,"showParticleSystems":true,"showVisualEffectGraphs":true,"m_FxEnabled":true},"in2DMode":false,"pivot":{"x":-0.5165196657180786,"y":0.7042850255966187,"z":0.8424093723297119},"rotation":{"x":0.253688782453537,"y":-0.04786491021513939,"z":0.012560796923935414,"w":0.9660332798957825},"size":8.43777847290039,"orthographic":true}